index,prediction,score,evidence
1,5秒以上,Perfect,文脈から以下の情報が得られます： 「その日文科では農科の漕いだあと十分ばかりしてから薄暮を縫うて漕いで見た。五分十五秒かかった。皆は思いのほかかかったのに落胆して、しおれながら艇を一番最後に艇庫へ入れた。そこへ岸にいた先輩や津島君なぞが喜色を湛《たた》えて入って来た。「大丈夫だ。もう勝った」と口々に言っている。聞けば農科の方がコンディションがいいにもかかわらず、五分二十秒以上かかったと言うのである。」
2,遠藤平吉,Perfect,明智探偵が二十面相（骸骨男）に向かって言った言葉：「きみの本名が遠藤平吉ということは、ぼくも三年まえにきいた。」また、ほんとうの笠原さんが言った言葉：「わしを、こんなひどいめにあわせるやつは、遠藤平吉のほかにはない。遠藤とわしとは、青年時代にグランド＝サーカスの曲芸師だった。」
3,骸骨男はバスの床に仕掛けられた落とし穴を使って抜け出しました。,Incorrect,「アッ、ばねじかけの落とし穴だ。あいつは、ここから逃げたんだな！」 　警官がそう叫んで足をふみますと、そこにぽっかり四角な穴があきました。 　骸骨男のからだが、小さくなったように思ったのは、怪物がそこから下へぬけだしていったからです。まっ暗なので、そこに穴のあることがわからなかったのでしょう。 　やっぱり怪物は、お化けや幽霊ではありませんでした。悪がしこい人間なのです。まえもって、ちゃんと、そういうぬけ穴をつくっておいてから、バスの中へあらわれたのです。
4,情死未遂で恋人を殺害したため,Perfect,「若い男が短刀の一突で恋人を殺し、すぐに同じ刀で自分の喉を切った。両人が息絶える前に、他の者が部屋の中へ入り込み、短刀を抜き去り、警察に通報し、駐屯兵から軍隊式の応急手術を受けた。自殺未遂の者は、病院に運ばれて手厚く看病されたが、回復後数ヶ月して、殺人罪で裁判にかけられた。」
5,3種類,Incorrect,小説「芽生」の中で言及されている国名は以下の3種類です：  1. 日本（小説の舞台） 2. 仏蘭西（フランス）：「君は仏蘭西《フランス》へ再度の渡航を終えて、新たに画室を構えていた。」 3. 露西亜（ロシア）：「メレジコウスキイが『トルストイ論』の中からあの露西亜《ロシア》人の面白い話が引いてあった。」  これらの国名が小説内で明確に言及されています。
6,武男の方が野外での楽しみをより積極的に表現しています。,Incorrect,なし
7,約2ヶ月,Acceptable,主人公が小諸に帰る時期は「上州辺は最早《もう》梅に遅い位であった」と描写されており、これは3月下旬から4月上旬頃と推測できます。その後、「四月の始から一週間ばかりかけて、私は家を探しがてら一寸《ちょっと》上京した」とあり、家を決めています。さらに、「五月の朔日《ついたち》は幸に天気も好く、旅をするものに取って何よりの日和《ひより》だった」という記述があり、これが実際の引越しの日と考えられます。
8,2回,Perfect,1回目: 「その日は少量であるが皆が心｜措《お》きなく飲んだ。」 2回目: 「その夜いつもの慣例に従って常盤華壇《ときわかだん》で祝勝会があった。」「酒が廻り出すと今まで、勝利の因を他に嫁していた人々も、おのおのの功績を語るに急になった。」
9,質問誤り,Missing,テキスト中に北海道のカタカナ表記された地名は登場しません。主な舞台は東京や信州（長野県）の小諸、大久保などです。
10,質問誤り,Incorrect,小説の冒頭部分に、「兄 -> 情死」「情死 -> 兄」という関係性が示されています。その後、本編の中で千々岩の死亡が描かれています。具体的な時間経過は明示されていませんが、物語の展開から1年程度の時間が経過したと考えられます。千々岩の死亡は日清戦争中の出来事として描かれており、「十一月二十二日をもって旅順を攻め落としつ。」という記述の後に千々岩の死が報告されています。
11,質問誤り,Perfect,テキストには、お房が小諸を出発した日に一緒に出かけた友達についての具体的な情報が記載されていません。お房は家族と一緒に小諸から東京に引っ越したことは述べられていますが、友達と一緒に出発したという記述はありません。
12,3匹,Perfect,テキストには以下の記述があります：「そこにはいると、ムッと動物のにおいがしました。むこうに大きなおり［＃「おり」に傍点］が三つならんで、その中に一ぴきずつライオンがいました。」
13,質問誤り,Incorrect,なし
14,笠原正一君は、空から骸骨の首が降ってくる恐ろしい夢を見ました。,Perfect,「うす暗い空から、豆つぶのようなものが、いっぱい、ふってくるのです。それが、下へ落ちてくるほど、だんだん、大きくなってきます。ピンポンの球ぐらいの大きさの白いものが、たくさん、正一君の頭の上に落ちてくるのです。 　よく見ると、その白いものには、まっ黒な目と、三角の黒い鼻と、歯をむき出した口がありました。骸骨の首です。何十、何百ともしれぬ骸骨の首が、ふってくるのです。」
15,約40メートル,Incorrect,テキストによると、明智が骸骨男を見つけたときの距離は「ずっとむこう」と描写されています。その後、距離が徐々に縮まっていく様子が描かれています：  「骸骨男とのあいだが、だんだん、ちぢまっていきました。四十メートル、三十メートル、二十メートル、ああ、もう十メートルほどになりました。」  最初の距離が明確に述べられていませんが、「ずっとむこう」から40メートルまで縮まったと考えられます。そして、明智が投げ縄を使用したのは、距離が10メートルほどになったときです。  したがって、明智が骸骨男を見つけてから投げ縄を使うまでに縮めた距離は、約40メートル（50メートル - 10メートル）と推測できます。
16,濃紺、紫、バラ色、薄青、パールグレイ,Perfect,テキストには以下の記述があります：「日本の染物屋は天日で乾かすために、家の前で竹の柱と柱との間に、濃紺、紫、バラ色、薄青、パールグレイなど、さまざまな色の絹や綿の長い布を広げている。」
17,質問誤り,Incorrect,テキストには以下の記述があります：  「最後の晩餐《ばんさん》！」 と、不図《ふと》、私は坂の途中で鷲《わし》印のミルク罐《かん》を買いながら思った。  その後、以下の記述があります：  丁度戸山には赤十字社の仮病院が設けてある時であった。皆川医学士が、臨時の手伝いとして通っていると言って、戸山からわざわざ私の家へ見舞に寄ってくれた頃は、お繁は最早《もう》床の上に冷たく成っていた。  これらの記述から、主人公がミルクを買いながら「最後の晩餐！」と思ったのは、お繁の状態が危篤で、このミルクが子供の最後の食事になるかもしれないと感じたためだと推測できます。
18,小林、井上、野呂,Perfect,テキスト中に以下の記述があります：  1. 「小林、井上、野呂の三少年が案内役です。」 2. 「小林少年は、サーカス団の人たちをかきわけて前に出ました。」 3. 「小林、井上、野呂の三少年は、このありさまを見て、うれしくてたまりません。」  これらの記述から、少年探偵団のメンバーで捜査に協力した人々として、小林、井上、野呂の3人の名前が言及されていることがわかります。
19,0回,Incorrect,テキスト全体を確認しましたが、「万右衛門」という名前は一度も登場しません。主人公の名前は「仁右衛門」であり、「万右衛門」という名前は出てきません。
20,質問誤り,Incorrect,提供されたコンテキストには、染物屋の家族が泥棒から身を守ったという情報が含まれていません。テキストは主に小説「芽生」についての内容で、染物屋や泥棒に関する記述はありません。
21,桜、躑躅、柿、李、林檎,Perfect,「粗末ながら五間の部屋と、広い台所と、大きな暗い物置部屋と、桜、躑躅《つつじ》、柿、李《すもも》、林檎《りんご》などの植えてある古い屋敷跡の庭を借りることが出来た。」
22,野呂一平,Perfect,「ノロちゃんというのは、野呂一平《のろいっぺい》君のあだなです。」
23,窪田、小林、久野、水原、斎藤、早川,Acceptable,テキストから以下の情報が得られます：  1. 窪田：艇長（主将）として言及されています。 2. 小林：舵手から五番に回されたと記述があります。 3. 久野：舵手として勧誘されています。 4. 水原：三番を漕いでいると記述があります。 5. 斎藤：四番を漕いでいると記述があります。 6. 早川：二番を漕いでいると記述があります。  これらの選手が文科のメンバーとして名前が公表されています。
24,0回,Incorrect,テキスト全体を確認しましたが、「大豆」という文字は一度も登場しません。
25,文科,Perfect,テキストには、文科と農科の競漕の結果が描かれており、文科が勝利したことが明確に示されています。具体的な証拠として、以下の部分があります：  1. 「審判所に掲げられた樺色の旗を見るまでは安心がならなかった。」（樺色は文科のユニフォームの色） 2. 「それはともかく勝ったには違いないんだ」と久野は置き去られた敵の艇をなおも見ながら考えた。 3. 「その夜いつもの慣例に従って常盤華壇《ときわかだん》で祝勝会があった。」  これらの記述から、久野が舵手として参加した文科のチームが勝利したことが明らかです。
26,正一君,Perfect,テキストには以下の記述があります： 「正一君が、骸骨男といっしょに、消えうせてしまったあくる日には、骸骨男の捜査本部が、警察署におかれたので、お昼すぎには、笠原さんも刑事たちも、そのほうへ出かけ、笠原さんのお家には、るすばんのほかはだれもいなくなってしまいました。」 また、ミヨ子ちゃんについては次のように書かれています： 「妹のミヨ子ちゃんは、まだ小さいのだから、もしものことがあってはと学校もやすませて、台東《たいとう》区にある笠原さんのしんせきのうちへ、あずけてあるのです。」
27,農科,Perfect,「久野の艇はどうも滑り出しがよくなかった。「こいつはいけない。皆慌てたな」と窪田と久野は同時に思った。敵艇を見ると確かに一二シートはこっちより出ているらしい。」「農科の舵手が、「敵艇を抜くこと約半艇身！」と叫んだ。」
28,赤坂氷川町,Incorrect,テキストには以下の記述があります：「窓より見晴らす初夏の空あおあおと浅黄繻子《あさぎじゅす》なんどのように光りつ。見る目｜清々《すがすが》しき緑葉《あおば》のそこここに、卵白色《たまごいろ》の栗の花ふさふさと満樹《いっぱい》に咲きて、画《えが》けるごとく空の碧《みどり》に映りたり。」  そして、この描写の直前に「赤坂｜氷川町《ひかわまち》なる片岡中将の邸内に栗《くり》の花咲く六月半ばのある土曜の午後《ひるすぎ》」という記述があります。
29,質問誤り,Perfect,テキストには骸骨男（二十面相）が殺人を行ったという明確な記述はありません。むしろ、「むろんおれは、人殺しはきらいだ。」という二十面相自身の発言があり、殺人を嫌っていることが示唆されています。
30,自分の仕事（著作）を完成させるため,Acceptable,「山を下りて、そして自分の仕事を完成したいと思った。」 「私は既に三人の女の児の親である。その間妻子を養うだけのものは是非とも用意して掛らねばならぬ。」 「とにかく、小諸を去ることに決めた。山を下りて、そして自分の仕事を完成したいと思った。」
31,小林君は女中に変装して笠原さんの家に住み込み、骸骨男の秘密を探りだしました。,Acceptable,「あなたにもお知らせしないで、わたしは小林君を、ここへ女中として住みこませたのです。」「小林君が女の子に変装したのです。そして、この家の女中になって、いろいろと、さぐりだしたのです。」
32,7月,Perfect,テキストの冒頭部分に「七月二五日。　今週は思いがけない訪問が三つ、わが家にあった。最初のものは、井戸掃除職人たちだった。毎年すべての井戸は空にされ、掃除され、井戸の神様である水神様が荒れ狂わないようにしなければならない。」とあります。
33,質問誤り,Perfect,小説「カインの末裔」の本文中には、仁右衛門が北海道を離れた後の新しい生活についての記述がありません。物語は仁右衛門夫婦が農場を去る場面で終わっており、その後の展開は描かれていません。
34,振り分け髪、中将,Incorrect,キーワードチェーンに「婦人 -> 振り分け髪」と「婦人 -> 中将」という関連性が示されています。これらが婦人の容姿を特徴づける要素として挙げられています。
35,4回,Incorrect,なし
36,質問誤り,Perfect,なし
37,質問誤り,Incorrect,なし
38,高崎,Perfect,テキストには以下の記述があります：  「文科の整調の窪田は農科の舵手《だしゅ》の高崎と同じ中学を出て同じく一高に入った親友であった。」  この文から、浅沼が辞退した時の文科の艇長（窪田）の元親友で農科の舵手は高崎であることがわかります。
39,片岡中将の体重は22貫、つまり約82.5キログラムです。,Perfect,テキストには以下の記述があります：「体量は二十二貫、アラビア種《だね》の逸物《いちもつ》も将軍の座下に汗すという。」1貫は約3.75キログラムなので、22貫は約82.5キログラムになります。
40,7種類,Incorrect,なし
41,2週間目,Perfect,テキストには以下の記述があります：「病院へ来て二週間目にあたるという晩には、お房は最早《もう》耳もよく聴えなかった。」
42,与十の妻,Perfect,「女房と言うのは体のがっしりした酒喰《さけぐら》いの女だった。」という記述があり、これは与十の妻を指しています。一方、仁右衛門の妻の体格に関する具体的な記述は見当たりません。
43,質問誤り,Perfect,テキストには次のような記述があります：「佐世保抜錨《ばつびょう》までは先便すでに申し上げ置きたる通りに有之《これあり》候。さて佐世保出帆後は連日の快晴にて暑気｜燬《や》くがごとく、さすが神州海国男子も少々｜辟易《へきえき》、もっとも同僚士官及び兵のうち八九名日射病に襲われたる者｜有之《これあり》候えども、小生は至極健全、毫《ごう》も病室の厄介に相成り申さず。」この記述から、武男自身は日射病にかかっていないことがわかります。
44,小林君はバスの出入り口の木の階段のかげに身をかくしていました。,Incorrect,テキストには以下の記述があります：「浮浪児に変装した小林少年は、正一君のバスの出入り口の木の階段のかげに、身をかくして、ゆだんなく、あたりを見まわしていました。」
45,武男、浪子、片岡中将,Perfect,テキストから以下の証拠が見つかります：  1. 武男に対する恨み： 「武男が言葉の端より、参謀本部に長たる将軍が片岡中将と無二の昵懇《じっこん》なる事実よりして、少なくも中将が幾分の手を仮したるを疑いつ。」  2. 浪子に対する恨み： 「浪子が旧《ふる》き事まで取り出《い》でてわれを武男に讒《ざん》したるにあらずやと疑いつ。」  3. 片岡中将に対する恨み： 「失恋のうらみ、功名の道における蹉跌《さてつ》の恨み、失望、不平、嫉妬さまざまの悪感は中将と浪子と武男をめぐりて焔《ほのお》のごとく立ち上りつ。」  これらの記述から、千々岩が武男、浪子、片岡中将に対して恨みを抱いていたことがわかります。
46,馬,Perfect,「長い影を地にひいて、痩馬《やせうま》の手綱《たづな》を取りながら、彼《か》れは黙りこくって歩いた。」「仁右衛門がこの農場に這入《はい》った翌朝早く」「仁右衛門がこの農場に這入《はい》った時は一頭の馬も持っていた。」
47,質問誤り,Incorrect,なし
48,早川は競漕に参加しました。,Incorrect,テキストには「二番を漕いでいる早川なぞは久野の目の前で何とか申しわけをいいながら七杯目の茶碗《ちゃわん》を下婢の前に出した。」と書かれており、早川が競漕に参加していたことがわかります。また、「二番の早川が苦るしい息の中から、情けない声を出した。」という記述もあり、早川が競漕に参加していたことが確認できます。
49,質問誤り,Incorrect,なし
50,0回,Incorrect,テキスト全体を確認しましたが、「へへ」という笑い声は見つかりませんでした。
51,質問誤り,Incorrect,提供されたコンテキストには「カインの末裔」に関する情報が含まれていません。この小説の舞台設定に関する情報がないため、正確な回答ができません。
52,質問誤り,Incorrect,提供されたテキストには、人力車夫の弟や人力車のレンタル代に関する具体的な情報が含まれていません。この小説「カインの末裔」は、北海道の農場を舞台にした物語であり、人力車夫や人力車のレンタルについての記述は見当たりません。
53,質問誤り,Incorrect,テキスト内に小作料の金額や利子率に関する具体的な情報がないため、3年間の利子の総額を計算することができません。
54,質問誤り,Perfect,1. 変装：骸骨男は実際には「二十面相」と呼ばれる変装の名人で、骸骨の仮面をかぶったり、警官や老人に変装したりしていました。  2. 隠し扉と仕掛け： - 二階の窓の鉄格子が開くようになっていた - 屋根に人間が隠れられる穴があった - バスの床に落とし穴があった  3. 曲芸の技術： - サーカスの空中ブランコを使って逃走 - ゾウに乗って逃げる  4. その他のトリック： - クマの毛皮の中に隠れる  これらのトリックを駆使して、骸骨男は「魔法」のように現れたり消えたりしていました。
55,鳥金,Perfect,「合宿所は言問《こととい》の近くの鳥金《とりきん》という料理屋の裏手にあった。」
56,約100センチメートル,Perfect,「家の門の前に、一メートルはあろうかと思われる巨大なトンボが止まり木に止まらせてあったのに気がついた。」
57,山木兵造は、お豊の問題に対して、京都への旅行を提案しました。,Incorrect,なし
58,テキストを確認したところ、武男が先に湯に入っています。,Perfect,テキスト内に以下の記述があります：「一年ぶりに母にあいて、絶えて久しきわが家の風呂《ふろ》に入りて、うずたかき蒲団《ふとん》に安坐《あんざ》して、好める饌《ぜん》に向かいて、さて釣り床ならぬ黒ビロードの括《くく》り枕《まくら》に疲れし頭《かしら》を横たえて、しかも夢は結ばれず、枕べ近き時計の一二時をうつまでも、目はいよいよさえて、心の奥に一種鋭き苦痛《くるしみ》を覚えしなり。」  この記述から、武男が一年ぶりに帰宅して風呂に入ったことがわかります。一方、浪子が湯に入る場面は明確に描写されていません。
59,黒色,Incorrect,テキスト内に「年よりも老《ふ》けて、多き白髪《しらが》を短くきり下げ、黒地の被布《ひふ》を着つ。」という記述があります。
60,お房,Incorrect,「お房は物に臆しない方の娘で、誰とでも遊んだから、この住居へ移った頃には最早《もう》近所の娘の中に交っていた。そして、小諸｜訛《なまり》の手毬歌《てまりうた》なぞを歌って聞かせた。」一方、お菊については「お菊はなかなか用心深くて、庭の樹の下なぞに独《ひと》りで遊んでいる方で、容易に他の子供と馴染《なじ》もうともしなかった。」と書かれています。
