1,5秒,文中に「その日文科では農科の漕いだあと十分ばかりしてから薄暮を縫うて漕いで見た。五分十五秒かかった。皆は思いのほかかかったのに落胆して、しおれながら艇を一番最後に艇庫へ入れた。そこへ岸にいた先輩や津島君なぞが喜色を湛《たた》えて入って来た。「大丈夫だ。もう勝った」と口々に言っている。聞けば農科の方がコンディションがいいにもかかわらず、五分二十秒以上かかったと言うのである。」とあります。文科が5分15秒、農科が5分20秒以上かかったとされているので、その差は少なくとも5秒です。
2,遠藤平吉,明智探偵が二十面相（骸骨男）の正体について言及している部分があります：「きみの本名が遠藤平吉ということは、ぼくも三年まえにきいた。」また、ほんとうの笠原さんも「わしを、こんなひどいめにあわせるやつは、遠藤平吉のほかにはない。」と述べています。
3,バスの床に落とし穴があった,「アッ、ばねじかけの落とし穴だ。あいつは、ここから逃げたんだな！」 　警官がそう叫んで足をふみますと、そこにぽっかり四角な穴があきました。 　骸骨男のからだが、小さくなったように思ったのは、怪物がそこから下へぬけだしていったからです。まっ暗なので、そこに穴のあることがわからなかったのでしょう。
4,情死未遂で恋人を殺害したため,「若い男が短刀の一突で恋人を殺し、すぐに同じ刀で自分の喉を切った。両人が息絶える前に、他の者が部屋の中へ入り込み、短刀を抜き去り、警察に通報し、駐屯兵から軍隊式の応急手術を受けた。自殺未遂の者は、病院に運ばれて手厚く看病されたが、回復後数ヶ月して、殺人罪で裁判にかけられた。」
5,2種類,小説「芽生」の中で言及されている国名は以下の2種類です：  1. 露西亜《ロシア》：「メレジコウスキイが『トルストイ論』の中からあの露西亜《ロシア》人の面白い話が引いてあった。」  2. 仏蘭西《フランス》：「君は仏蘭西《フランス》へ再度の渡航を終えて、新たに画室を構えていた。」  これらの2つの国名が小説の中で明確に言及されています。
6,武男の方が野外での楽しみをより積極的に表現しています。,なし
7,質問誤り,なし
8,2回,小説「競漕」の中で、文科のボート部メンバーが実際に酒を飲むシーンは2回描かれています。  1回目： 「夕飯には褒賞《ほうしょう》の意味で窪田が特別に一人約二合ほどの酒を許した。合宿で公然と酒を飲ませるのは真に異例であった。」  2回目： 「その夜いつもの慣例に従って常盤華壇《ときわかだん》で祝勝会があった。」「酒が廻り出すと今まで、勝利の因を他に嫁していた人々も、おのおのの功績を語るに急になった。」  これらの記述から、文科のボート部メンバーが実際に酒を飲むシーンは2回あることがわかります。
9,Ｋ村,文中のキーワードチェーンに「北海道 -> Ｋ村」という記述があります。これは北海道の地名としてＫ村が登場していることを示しています。他にカタカナ表記された北海道の地名は見当たりません。
10,7年,テキストには以下の記述があります： 「男はしだいに増してくる痛みに耐えながらも、七年を生き延びた。」 また、「死んだのは三四歳の長男で、七年も患っていた。」とも書かれています。
11,友達は一緒に出発していない,「その日は他に同行を約束した人もあったが、途中の激寒を懼《おそ》れて見合せた。私は独《ひと》りで出掛けた。」
12,3匹,「そこにはいると、ムッと動物のにおいがしました。むこうに大きなおり［＃「おり」に傍点］が三つならんで、その中に一ぴきずつライオンがいました。」
13,弟,テキストによると、兄は「七年も患っていた」と記述されており、重い病気を抱えていました。一方、弟は「人力車夫で、一人で一家の面倒を見ていた」とあり、「強健で足も速くなければ、稼ぐことはできなかっただろう」と述べられています。このことから、弟の方がより健康だったと判断できます。
14,笠原正一君は、空から骸骨の首が雨のように降ってくる夢を見ました。,「うす暗い空から、豆つぶのようなものが、いっぱい、ふってくるのです。それが、下へ落ちてくるほど、だんだん、大きくなってきます。ピンポンの球ぐらいの大きさの白いものが、たくさん、正一君の頭の上に落ちてくるのです。 　よく見ると、その白いものには、まっ黒な目と、三角の黒い鼻と、歯をむき出した口がありました。骸骨の首です。何十、何百ともしれぬ骸骨の首が、ふってくるのです。」
15,約40メートル,テキストによると、明智が骸骨男を見つけたときの距離は「ふたりのあいだは、五十メートルほどにせまっていました。」と書かれています。その後、距離が縮まっていき、「四十メートル、三十メートル、二十メートル、ああ、もう十メートルほどになりました。」と描写されています。そして、明智が投げ縄を使用する直前の距離は「もう十メートルほどになりました。」と記述されています。したがって、明智が骸骨男を見つけてから投げ縄を使用するまでに縮めた距離は、約50メートルから約10メートルになったので、約40メートルと考えられます。
16,質問誤り,なし
17,質問誤り,なし
18,"小林,井上,野呂",テキスト中で言及されている少年探偵団のメンバーで捜査に協力した人々は以下の通りです：  1. 小林君（団長）：「小林少年は、そばにいた中村警部に目くばせをして、みんなで、小林君のあとからついていきました。」  2. 井上君：「井上君は団員のうちで、いちばん力が強く、おとうさんに拳闘までおそわっている勇敢な少年でした。」  3. 野呂君（ノロちゃん）：「ノロちゃんは、びっくりして目をさましましたが、さっきのことは、なにも知らないで寝ていたので、にいさんがどこへいったのか、答えることができません。」  これらの少年たちは、物語の中で捜査に協力し、二十面相の追跡や捕獲に関与しています。
19,5回,テキスト内で「万右衛門」という名前は以下の5箇所で登場しています：  1. 「『あゝ、亡くなりましたね！』と万右衛門が言った。」 2. 「私の古い通訳者の万右衛門が、ひどく同情して言う。」 3. 「万右衛門は、私の意地悪な言葉を払いのけるかのように、両手で突然、慌ただしく三度も身振りをした。」 4. 「けれども、万右衛門の古くさい身振りにもかかわらず、その忍耐強い神経も、この音に煩わせられるようになってきた。」 5. 「万右衛門が『死にそうですね』と言う。」
20,老母の機転と誠実さ,老母が泥棒に対して冷静に対応し、仏教の教えに基づいて誠実に話をしたことが、泥棒の心を動かした。老母は「私らは仏様ば信じております。あんたたちが今私から盗ろうとなさっとは、あたし自身がかつて前世でお前さん方から盗ったことがあるけんでしょう。これはそん時の罪に対する罰ですたいね。」と言い、泥棒を感心させた。また、他人の預かり物である着物を盗らないでほしいと頼んだことで、泥棒も理解を示した。
21,桜、躑躅、柿、李、林檎,小説の冒頭部分に以下の記述があります：「桜、躑躅《つつじ》、柿、李《すもも》、林檎《りんご》などの植えてある古い屋敷跡の庭を借りることが出来た。」
22,野呂一平,テキストには以下の記述があります：「ノロちゃんというのは、野呂一平《のろいっぺい》君のあだなです。」
23,久野,キーワードチェーンに「文科 -> 久野」という関連性が示されています。ただし、これが今年の春季大学ボート大会の文科メンバーであるかどうかは確認できません。
24,テキスト中で「大豆」という文字は1回登場します。,テキストを確認したところ、「大豆」という単語は1回だけ出現しています。具体的には、キーワードチェーンの部分に「大豆 -> 農夫」という記述があります。
25,文科,小説の最後の部分で、文科のボートチームが勝利したことが描かれています。具体的には、「審判所に掲げられた樺色の旗を見るまでは安心がならなかった。」という記述があり、樺色が文科のユニフォームの色であることから、文科が勝利したことがわかります。また、「勝利というものの齎《もた》らす感情は、真にすべてのそれの中で、最も妙な複雑なものである。――と久野は思った。」という記述からも、久野たち文科チームが勝利したことが確認できます。
26,正一君,テキストには以下の記述があります： 「正一君が、骸骨男といっしょに、消えうせてしまったあくる日には、骸骨男の捜査本部が、警察署におかれたので、お昼すぎには、笠原さんも刑事たちも、そのほうへ出かけ、笠原さんのお家には、るすばんのほかはだれもいなくなってしまいました。」 また、ミヨ子ちゃんについては次のように書かれています： 「妹のミヨ子ちゃんは、まだ小さいのだから、もしものことがあってはと学校もやすませて、台東《たいとう》区にある笠原さんのしんせきのうちへ、あずけてあるのです。」 これらの記述から、骸骨男にさらわれたのは正一君であり、ミヨ子ちゃんは親戚の家に預けられていたことがわかります。
27,農科,「久野の艇はどうも滑り出しがよくなかった。「こいつはいけない。皆慌てたな」と窪田と久野は同時に思った。敵艇を見ると確かに一二シートはこっちより出ているらしい。」「この時競漕中敵の艇を野次るので有名であった農科の舵手が、「敵艇を抜くこと約半艇身！」と叫んだ。」
28,質問誤り,小説「カインの末裔」の中に、婦人が見た夕景色についての具体的な記述は見当たりません。この小説は主に北海道の農場を舞台にしていますが、質問にある婦人の夕景色に関する描写は含まれていないようです。
29,質問誤り,テキストを注意深く読みましたが、骸骨男（二十面相）が殺人を行ったという記述は見つかりませんでした。物語の中で、二十面相は様々な悪事を働きますが、殺人については言及されていません。むしろ、「きみは人を殺すのは、きらいなはずだったじゃありませんか。」という記述があり、二十面相は殺人を避けていたことが示唆されています。
30,自分の仕事（著作）を完成させるため,「山を下りて、そして自分の仕事を完成したいと思った。」「私は唯自分の仕事を完成することにのみ心を砕いていた。」「何を犠牲にしても、私は行けるところまで行って見ようと考えたのである。」
31,小林君は女中に変装して笠原さんの家に潜入し、骸骨男の秘密を探りだしました。,明智探偵は「あなたにもお知らせしないで、わたしは小林君を、ここへ女中として住みこませたのです。」と説明しています。小林君は女中に変装して、窓の鉄格子がちょうつがいで開くことや、屋根にかくれ場所があることなどを発見しました。また、小林君は腹話術師の自動車のトランクに隠れて、大山の山中の炭やき小屋の地下室に閉じ込められていた本物の笠原さんと正一君の存在を突き止めました。
32,質問誤り,なし
33,小説の中では仁右衛門が北海道を離れた後の新しい生活については描かれていません。,小説は仁右衛門と妻が村を出て行く場面で終わっています。最後の段落には「二人の男女は蟻《あり》のように小さくその林に近づいて、やがてその中に呑み込まれてしまった。」とあり、その後の生活については言及されていません。
34,中将、振り分け髪,"キーワードチェーンに「婦人 -> 中将, 婦人 -> 振り分け髪」とあります。これは婦人の容姿を特徴づける要素として「中将」と「振り分け髪」が挙げられていることを示しています。"
35,4回,1. 「骸骨男は、いったい、どこへ、かくれてしまったのでしょう？」「またしても、怪物は、煙のように消えうせたのです。」  2. 「骸骨男は、やっぱり、幽霊のように、地面に足をつけないで、ふわふわと、空中を飛んでいったのでしょうか。」  3. 「怪人骸骨男は、またしても、みごとな魔法をつかいました。かんぜんな密室の空気の中へ、とけこんでしまったのです。」  4. 「骸骨男は、いつも、みんなの目の前にいたのです。それでいて、だれもその人をうたがわなかったのです。」「いつも、骸骨男が消えたあとに、あなたがあらわれています。しかし、だれもうたがわなかったのです。」
36,9月13日,テキストの冒頭に「九月一三日。　出雲の松江からの手紙によると、私にキセルを作ってくれた老人が死んだということだった。」とあります。質問ではメガネについて尋ねていますが、テキストではキセル（日本のパイプ）について言及されています。
37,質問誤り,小説の内容に小作人となった主人公の身長に関する具体的な記述がありません。
38,高崎,文中に以下の記述があります：「文科の整調の窪田は農科の舵手《だしゅ》の高崎と同じ中学を出て同じく一高に入った親友であった。」また、窪田が文科の艇長であることは、「艇長の責任がある窪田《くぼた》は困った。」という記述から分かります。
39,片岡中将の体重は22貫、つまり約82.5キログラムです。,テキストには以下の記述があります：「体量は二十二貫、アラビア種《だね》の逸物《いちもつ》も将軍の座下に汗すという。」1貫は約3.75キログラムなので、22貫は約82.5キログラムになります。
40,「サーカスの怪人」の作中に実物として登場する動物は全部で6種類です。,テキスト中に登場する実際の動物は以下の6種類です：  1. 馬（サーカスの曲馬や明智探偵が乗って追跡するシーンで登場） 2. ゾウ（サーカスの動物として登場し、骸骨男が乗って逃げるシーンもある） 3. ライオン（動物のおりの中にいるものとして言及される） 4. トラ（動物のおりの中にいるものとして言及される） 5. ヒョウ（動物のおりの中にいるものとして言及される） 6. クマ（ヒグマとして言及され、二十面相が中に隠れる）  これらの動物は全て実際にサーカスや物語の中で存在する動物として描写されています。
41,2週間目,「病院へ来て二週間目にあたるという晩には、お房は最早《もう》耳もよく聴えなかった。」
42,与十の妻,テキストには「女房と言うのは体のがっしりした酒喰《さけぐら》いの女だった。」と記述されています。これは与十の妻についての描写です。一方、仁右衛門の妻の体格に関する具体的な記述は見当たりません。
43,質問誤り,「佐世保《させほ》出帆後は連日の快晴にて暑気｜燬《や》くがごとく、さすが神州海国男子も少々｜辟易《へきえき》、もっとも同僚士官及び兵のうち八九名日射病に襲われたる者｜有之《これあり》候えども、小生は至極健全、毫《ごう》も病室の厄介に相成り申さず。」この部分から、武男自身は日射病にかかっていないことがわかります。
44,草むら,テキストには以下の記述があります：「草むらに、なにか動物がかくれていて、いちどに動きだしたのでしょうか。大きなヘビが草をわけて、はっているような、気みのわるい、動きかたです。」「草むらの中を、はうようにして進んでいたのは、けだものではなくて、少年探偵団員だったのです。」「小林、井上、野呂の三少年が案内役です。」これらの記述から、小林君を含む少年探偵団員たちが草むらに隠れていたことがわかります。
45,片岡中将、浪子、武男,なし
46,馬,「長い影を地にひいて、痩馬《やせうま》の手綱《たづな》を取りながら、彼《か》れは黙りこくって歩いた。」「仁右衛門がこの農場に這入《はい》った翌朝早く」
47,作中に通訳者は登場しません。,テキスト全体を確認しましたが、通訳者に関する記述は見つかりませんでした。この作品は「サーカスの怪人」というタイトルで、サーカスを舞台にした探偵小説のようです。主な登場人物は探偵の明智小五郎、怪人の二十面相、少年探偵団の小林少年たちなどで、通訳者は物語の中に登場していません。
48,早川は競漕に参加しました。,テキストには「二番を漕いでいる早川なぞは久野の目の前で何とか申しわけをいいながら七杯目の茶碗《ちゃわん》を下婢の前に出した。」と書かれており、早川が競漕に参加していたことがわかります。また、「二番の早川が苦るしい息の中から、情けない声を出した。」という記述もあり、早川が競漕に参加していたことが確認できます。
49,質問誤り,なし
50,0回,テキスト全体を確認しましたが、「へへ」（への回数は問わない）という笑い声は見つかりませんでした。
51,カインの末裔の舞台となる都道府県は長崎県です。,有島武郎の小説「カインの末裔」は、長崎県の五島列島を舞台としています。作品中では具体的な地名は明かされていませんが、モデルとなった場所は五島列島の福江島であると言われています。
52,質問に直接答える情報が見つかりません。,提供されたテキストには、人力車夫の弟や人力車のレンタル代に関する具体的な情報が含まれていません。テキストは主に「サーカスの怪人」という物語に関するものであり、人力車夫や人力車のレンタル代についての言及はありません。
53,質問誤り,なし
54,変装と巧妙な仕掛け,骸骨男は実際には魔法を使っていませんでした。彼の「魔法」は以下のような巧妙な手口でした：  1. 骸骨の仮面：「あいつは、これをかぶって、みんなをこわがらせていたのです。」 2. 変装の技術：「きみは二十の顔を、いや、四十の顔をもっているのだッ！」 3. 隠し扉や仕掛け：「二階の窓の鉄ごうしが、ちょうつがいで開くようになっていること、屋根に、かくれ場所ができていること」 4. 動物の毛皮を利用：「クマの毛がわの中に、二十面相がかくれているのです。」 5. 警官の制服を利用：「あいつは、こんなときの用意に、警官の制服を手に入れて、トンネルの中のどこかへ、かくしておいたのだ。」  これらの手口を駆使して、二十面相は魔法を使っているかのように見せかけていました。
55,鳥金,「合宿所は言問《こととい》の近くの鳥金《とりきん》という料理屋の裏手にあった。」
56,質問誤り,なし
57,質問誤り,「そらアおもしろいぞ。祇園《ぎおん》清水《きよみず》知恩院《ちおんいん》、金閣寺《きんかくじ》拝見がいやなら西陣《にしじん》へ行って、帯か三｜枚《まい》襲《がさね》でも見立てるさ。どうだ、あいた口に牡丹餅《ぼたもち》よりうまい話だろう。御身《おまえ》も久しぶりだ、お豊を連れて道行きと出かけなさい、なあおすみ」
58,武男が先に湯に入っています。,テキストには次のような記述があります：「武男は湯に入りて、早咲きの花菖蒲《はなしょうぶ》の活《い》けられし床を後ろに、ふうわりとした座ぶとんにあぐらをかきて、さあこれからがようようこっちのからだになりしという風情《ふぜい》。」この後、浪子についての記述が続くことから、武男が先に湯に入ったことがわかります。
59,婦人が着ていた被布の色は黒色です。,テキストには次のような記述があります：「年よりも老《ふ》けて、多き白髪《しらが》を短くきり下げ、黒地の被布《ひふ》を着つ。」
60,お菊,「お菊はなかなか用心深くて、庭の樹の下なぞに独《ひと》りで遊んでいる方で、容易に他の子供と馴染《なじ》もうともしなかった。」「お菊は悪い顔をして、遊び友達の方から帰って来た。」これらの記述から、お菊は新しい環境でも遊び友達ができ、外で遊ぶなど、ある程度元気に過ごしていたことがわかります。一方、お繁については「お繁は最早《もう》床の上に冷たく成っていた。」という記述があり、新しい環境に適応する前に亡くなってしまったことがわかります。
